journal_issue_id	article_count	issue_details	article_ids
journal-issue-010415	2	— 2011. — № 12. — С. 106–109.	article-030015; article-030016
journal-issue-010420	2	— 2012. — № 6. — С. 104.	article-030021; article-030022
journal-issue-011335	2	— 2000. — № 28. — С. 38–41.	article-032170; article-032192
journal-issue-011361	2	— 2003. — № 31 (252). — С. 52–66.	article-032200; article-032208
journal-issue-011322	3	— 2006. — № 4. — С. 42–44.	article-032156; article-032180; article-032220
journal-issue-011323	5	— 2008. — № 7 (408). — С. 30–34.	article-032157; article-032165; article-032179; article-032211; article-032216
journal-issue-011343	5	— 2010. — №7 (480). — С. 49–52.	article-032166; article-032172; article-032181; article-032217; article-032221
journal-issue-011347	2	— 2012. — № 7 (552). — С. 67–71	article-032185; article-032218
journal-issue-011345	3	— 2014. — №3 (608). — С.52–55.	article-032169; article-032183; article-032212
journal-issue-011346	3	— 2016. — № 1 (630). — С.49–54.	article-032184; article-032213; article-032222
journal-issue-011332	4	— 2016. — № 3 (632). — С. 33–38.	article-032167; article-032205; article-032207; article-032209
journal-issue-011353	3	— 2018. — № 2 (655). — С. 51–54.	article-032191; article-032210; article-032214
journal-issue-011338	2	— 2020. — № 2 (679). — С. 61–65.	article-032174; article-032215
journal-issue-011119	2	— 2004. — № 2. — С. 8–9.	article-031917; article-031931
journal-issue-011117	2	— 2005. — № 9. — С. 16–17.	article-031913; article-031923
journal-issue-011112	2	— 2006. — № 11. — С. 28–31.	article-031908; article-031929
journal-issue-011108	3	— 2006. — № 3. — С. 36.	article-031903; article-031905; article-031914
journal-issue-011114	2	— 2006. — № 4. — С. 30–31.	article-031910; article-031928
journal-issue-011107	2	— 2006. — № 7. — С. 22–25.	article-031902; article-031915
journal-issue-011113	2	— 2007. — № 2. — С. 34–36.	article-031909; article-031925
journal-issue-011509	2	— Рязань: Изд. центр «Банкирский дом», 2004. — С. 122–130. — Тираж 1350 экз. Статья, 0,85 п.л.	article-032432; article-032680
journal-issue-010432	6	— 2015. — Вып. 1. — С. 37–39.	article-030034; article-030035; article-030036; article-030038; article-030045; article-030046
journal-issue-010433	8	— 2016. — Вып. 2. — С. 53–59.	article-030037; article-030039; article-030040; article-030041; article-030042; article-030043; article-030044; article-030047
journal-issue-010124	5	— Харбин, 1931	article-029510; article-029511; article-029512; article-029515; article-029521
journal-issue-011374	4	— 1996. — № 2.	article-032228; article-032230; article-032238; article-032243
journal-issue-011378	2	— 1996. — № 4, 6.	article-032236; article-032245
journal-issue-011369	3	— 1996. — № 5.	article-032223; article-032231; article-032234
journal-issue-011379	2	— 1997. — № 5. — С. 55–58.	article-032237; article-032244
journal-issue-011372	4	— 1997. — № 9.	article-032226; article-032229; article-032246; article-032247
journal-issue-010085	2	— 1917. — № 17. — С. 123–124.	article-029465; article-029466
journal-issue-011152	3	— 2003. — № 0.	article-031959; article-032010; article-032011
journal-issue-011133	2	— 2003. — № 5.	article-031936; article-031949
journal-issue-011146	2	— 2003. — № 6.	article-031950; article-031951
journal-issue-011140	2	— 2004. — № 10 (18). — С. 60–63.	article-031943; article-031965
journal-issue-011144	2	— 2008. — № 3 (59). — С. 64–66.	article-031947; article-031982
journal-issue-011148	2	— 2009. — № 9–10 (77–78). — С. 58–57.	article-031953; article-031990
journal-issue-011149	2	— 2010. — № 2 (82). — С. 58–62.	article-031954; article-031993
journal-issue-011132	4	— 2011. — № 3 (89). — С. 48–57.	article-031935; article-031955; article-031956; article-032000
journal-issue-011150	2	— 2011. — № 5 (91). — С. 12–16.	article-031957; article-032002
journal-issue-011151	2	— 2017. — № 1–2 (123–124). — С. 22–25. О Крылкове.	article-031958; article-032008
journal-issue-010464	4	— 2001. — № 1. — С. 25–30.	article-030091; article-030094; article-030100; article-030101
journal-issue-010467	4	— 2002. — № 2. — С. 7–8.	article-030095; article-030096; article-030102; article-030106
journal-issue-010468	2	— 2002. — № 3.	article-030097; article-030098
journal-issue-010466	2	— 2002. — № 5. — С. 10–11.	article-030093; article-030099
journal-issue-010459	2	— 2004. — № 6. — С. 9.	article-030079; article-030080
journal-issue-010457	3	— 2004. — № 9. — С. 3–11.	article-030077; article-030083; article-030104
journal-issue-010458	2	— 2007. — № 18. — С. 20–22.	article-030078; article-030108
journal-issue-010465	3	— 2008. — № 21. — С. 13–14.	article-030092; article-030105; article-030107
journal-issue-010470	2	— 2008. — № 22. — С. 11.	article-030109; article-030110
journal-issue-010448	2	— 2012. — № 32. — С. 8–11	article-030062; article-033063
journal-issue-010450	4	— 2013. — № 34. — С. 7–10.	article-030064; article-030065; article-030066; article-030067
journal-issue-010451	2	— 2013. — № 35. — С. 7–9.	article-030068; article-030086
journal-issue-010452	3	— 2014. — № 36. — С. 8–9.	article-030069; article-030087; article-030088
journal-issue-010454	3	— 2014. — № 37. — С. 3–4.	article-030072; article-030073; article-030074
journal-issue-010453	2	— 2014. — № 38. — С. 5–7.	article-030070; article-030071
journal-issue-010455	2	— 2014. — № 39. — С. 10–12.	article-030075; article-030090
journal-issue-010456	2	— 2014. — № 40. — С. 9–12.	article-030076; article-030089
journal-issue-010483	2	— 1996. — № 3 (4). — С. 15: ил.	article-030127; article-030133
journal-issue-010475	4	— 1996. — № 4 (5). — С. 11: ил.	article-030115; article-030116; article-030128; article-030145
journal-issue-010476	2	— 1996. — № 6 (7). — С. 11: ил.	article-030117; article-030134
journal-issue-010474	3	— 1996. — № 7 (8). — С. 14: ил.	article-030114; article-030118; article-030135
journal-issue-010480	2	— 1997. — № 11–12 (19–20). — С. 9: ил.	article-030124; article-030150
journal-issue-010472	4	— 1997. — № 2 (10). — С. 14: ил.	article-030112; article-030119; article-030120; article-030141
journal-issue-010477	4	— 1997. — № 4 (12). — С. 14–15.	article-030121; article-030142; article-030146; article-030151
journal-issue-010488	2	— 1997. — № 5 (13). — С. 9: ил.	article-030137; article-030143
journal-issue-010471	2	— 1997. — № 6 (14). — С. 14: ил.	article-030111; article-030138
journal-issue-010484	2	— 1997. — № 8 (16). — С. 14: ил.	article-030129; article-030149
journal-issue-010491	3	— 1997. — № 9–10 (17–18). — С. 19: ил.	article-030147; article-030148; article-030152
journal-issue-010478	2	— 1998. — № 1 (21). — С. 16: ил.	article-030122; article-030131
journal-issue-010479	2	— 1998. — № 3 (23). — С. 14–15: ил.	article-030123; article-030140
journal-issue-011531	2	— №5 (37). — С. 26–33.	article-032461; article-032582
journal-issue-010146	4	— 1931. — № 3 (6) сентябрь.	article-029536; article-029537; article-029538; article-029539
journal-issue-011409	2	— 1989. — № 1. — С. 69–71.	article-032273; article-032287
journal-issue-011414	2	— 1995. — № 11.	article-032278; article-032288
journal-issue-011401	2	— 1995. — № 4.	article-032265; article-032282
journal-issue-011410	2	— 1997. — № 8.	article-032274; article-032286
journal-issue-011398	2	— 1997. — № 9.	article-032262; article-032283
journal-issue-010492	2	— Латвия, Рига, 1993. — Вып. 1. — С. 8–11, 25: ил.	article-030153; article-030154
journal-issue-010493	4	— Латвия, Рига, 1994. — Вып. 2. — С. 3–7, 15, 16: ил.	article-030155; article-030156; article-030157; article-030158
journal-issue-010494	5	— Латвия, Рига, 1995. — Вып. 4. — С. 6–17, 18: ил.	article-030159; article-030160; article-030161; article-030162; article-030163
journal-issue-010495	4	— Латвия, Рига, 1996. — Вып. 7. — С. 7–9, 25: ил.	article-030164; article-030165; article-030166; article-030245
journal-issue-010496	10	— Латвия, Рига, 1997. — Вып. 10. — С. 23–27.	article-030167; article-030168; article-030169; article-030170; article-030171; article-030172; article-030173; article-030242; article-030247; article-030263
journal-issue-010497	8	— Латвия, Рига, 1998. — Вып. 13. — С. 12.	article-030174; article-030175; article-030176; article-030177; article-030178; article-030179; article-030180; article-030251
journal-issue-010498	6	— Латвия, Рига, 1999. — Вып. 16. — С. 9–16.	article-030181; article-030182; article-030183; article-030184; article-030185; article-030258
journal-issue-010500	9	— Латвия, Рига, 2000. — Вып. 19. — С. 9–12.	article-030187; article-030188; article-030189; article-030190; article-030191; article-030192; article-030195; article-030196; article-030197
journal-issue-010502	5	— Латвия, Рига, 2001. — Вып. 23. — С. 3–13: ил.	article-030198; article-030199; article-030200; article-030201; article-030259
journal-issue-010503	5	— Латвия, Рига, 2002. — Вып. 25. — С. 8–12: ил.	article-030202; article-030203; article-030244; article-030248; article-030252
journal-issue-010505	9	— Латвия, Рига, 2003. — Вып. 29. — С. 8–9.	article-030205; article-030206; article-030207; article-030208; article-030250; article-030253; article-030254; article-030255; article-030260
journal-issue-010506	7	— Латвия, Рига, 2004. — Вып. 31. — С. 21–23: ил.	article-030209; article-030210; article-030211; article-030212; article-030213; article-030261; article-030262
journal-issue-010507	6	— Латвия, Рига, 2005. — Вып. 34. — С. 8–18.	article-030214; article-030215; article-030216; article-030217; article-030256; article-030257
journal-issue-010508	5	— Латвия, Рига, 2006. — Вып. 38. — С. 3–5.	article-030218; article-030219; article-030220; article-030246; article-030249
journal-issue-010509	5	— Латвия, Рига, 2007. — Вып. 40. — С. 30–31.	article-030221; article-030222; article-030223; article-030224; article-030225
journal-issue-010510	3	— Латвия, Рига, 2008. — Вып. 43. — С. 11–20.	article-030226; article-030227; article-030228
journal-issue-010511	6	— Латвия, Рига, 2009. — Вып. 46. — С. 11–12.	article-030229; article-030230; article-030231; article-030232; article-030233; article-030243
journal-issue-010512	3	— Латвия, Рига, 2010. — Вып. 49. — С. 11.	article-030234; article-030235; article-030236
journal-issue-010513	4	— Латвия, Рига, 2011. — Вып. 52. — С. 11–21.	article-030237; article-030238; article-030239; article-030240
journal-issue-011743	2	— 1928. — № 3. — С. 13–14.	article-033102; article-033116
journal-issue-011746	2	— 1928. — № 9–10. — С. 6–7.	article-033105; article-033113
journal-issue-011747	4	— 1929. — № 1. — С. 9. — На укр. яз.	article-033106; article-033111; article-033114; article-033131
journal-issue-011748	6	— 1929. — № 3. — С. 11–12.	article-033107; article-033117; article-033118; article-033119; article-033125; article-033129
journal-issue-011751	3	— 1929. — № 4. — С. 4–5.	article-033115; article-033123; article-033126
journal-issue-011741	5	— 1929. — № 5. — С. 14–15.	article-033100; article-033108; article-033110; article-033120; article-033134
journal-issue-011750	6	— 1929. — № 6. — С. 5.	article-033112; article-033124; article-033127; article-033128; article-033130; article-033132
journal-issue-011208	2	— 1992. — № 15.	article-032024; article-032025
journal-issue-010173	2	— 1919. — № 10. — С. 32.	article-029571; article-029577
journal-issue-010177	2	— 1919. — № 11. — С. 4.	article-029579; article-029591
journal-issue-010158	2	— 1919. — № 1–2. — 1 сентября — С. 24.	article-029551; article-029600
journal-issue-010159	4	— 1919. — № 3–4. — 15 сентября — С. 26.	article-029552; article-029580; article-029585; article-029594
journal-issue-010162	2	— 1919. — № 7. — 18 октября — С. 14.	article-029556; article-029573
journal-issue-010163	3	— 1919. — № 8. — 25 октября — С. 22.	article-029557; article-029565; article-029578
journal-issue-010180	2	— 1920. — № 1 (17). — 6 февраля — С. 10.	article-029593; article-029599
journal-issue-010182	2	— 1920. — № 10–11 (26–27). — 16 июня. — С. 23–25.	article-029598; article-033135
journal-issue-010170	4	— 1920. — № 18 (34). — 20 ноября. — С. 9.	article-029567; article-029569; article-029590; article-029592
journal-issue-010174	3	— 1920. — № 19 (35). — 19 декабря — С. 10–12.	article-029572; article-029581; article-029586
journal-issue-010165	2	— 1920. — № 4 (20). — 15 марта. — С. 13–14.	article-029559; article-029597
journal-issue-010169	3	— 1920. — № 5. — 3 апреля. — С. 4.	article-029566; article-029582; article-029601
journal-issue-010167	3	— 1921. — № 12. — 1 сентября. — С. 33.	article-029561; article-029595; article-029602
journal-issue-010168	3	— 1921. — № 14. — 1 октября. — С. 26.	article-029562; article-029563; article-029606
journal-issue-010161	2	— 1921. — № 16. — 1 ноября. — С. 27–29. История развития денежного обращения на Юго-Востоке России в 1920–21 гг.	article-029554; article-029584
journal-issue-010181	3	— 1921. — № 19. — 1 декабря. — С. 4–13.	article-029596; article-029604; article-029605
journal-issue-010155	4	— 1921. — № 20. — 15 декабря. — С. 1–4.	article-029548; article-029564; article-029588; article-029589
journal-issue-010166	2	— 1921. — № 5–10. (41–46). — май-июль. — С. 36.	article-029560; article-029576
journal-issue-010156	2	— 1922. — № 1. — 1 января. — С. 3–5.	article-029549; article-029555
journal-issue-011502	3	— Майкоп, 1999. — Вып. 1. — С. 9–22.	article-032409; article-032410; article-032411
journal-issue-011503	2	— Вып. 3. — С. 154–171.	article-032412; article-032413
journal-issue-010188	3	— 1928. — № 3.	article-029611; article-029617; article-029620
journal-issue-010189	2	— 1928. — № 4–5.	article-029612; article-029621
journal-issue-010190	2	— 1928. — № 7.	article-029613; article-029619
journal-issue-010192	3	— 1928. — № 9–10.	article-029615; article-029618; article-029623
journal-issue-010198	3	— 1934. — № 1.	article-029627; article-029628; article-029629
journal-issue-010298	2	— 1970. — № 10–11. — С. 20–26.	article-029770; article-029771
journal-issue-010297	2	— 1970. — № 8–9. — С. 29–30.	article-029768; article-029769
journal-issue-010536	3	— 2002. — № 4. — С. 56–59.	article-030298; article-030314; article-030321
journal-issue-010534	2	— 2003. — № 1. — С. 55–57.	article-030296; article-030315
journal-issue-010539	2	— 2004. — № 1. — С. 51–53.	article-030301; article-030302
journal-issue-010540	3	— 2004. — № 2. — С. 82–88.	article-030303; article-030304; article-030323
journal-issue-010541	4	— 2005. — № 1. — С. 27–29.	article-030305; article-030306; article-030317; article-030324
journal-issue-010542	4	— 2006. — № 2. — С. 83–97.	article-030307; article-030308; article-030309; article-030313
journal-issue-010544	2	— 2008. — № 3–4 (31–32). — С. 55–65.	article-030311; article-030320
journal-issue-010523	4	— 1998. — № 1 (3). — январь. — С. 11.	article-030272; article-030285; article-030292; article-030293
journal-issue-010526	3	— 1998. — № 10 (12). — июнь. — С. 10.	article-030275; article-030282; article-030287
journal-issue-010527	5	— 1998. — № 11 (13). — октябрь. — С. 11: ил.	article-030276; article-030283; article-030288; article-030289; article-030291
journal-issue-010529	3	— 1998. — № 15 (17). — октябрь. — С. 11: ил.	article-030278; article-030284; article-030290
journal-issue-010525	3	— 1998. — № 6 (8). — апрель. — С. 11: ил.	article-030274; article-030286; article-030294
journal-issue-010547	3	— 2005. — №3. — С. 44–46.	article-030318; article-030319; article-030326
journal-issue-010550	2	— 2007. — № 3–4 (26–27). — С. 54–55.	article-030327; article-030328
journal-issue-010208	4	— Севастополь, 1922. — № 2. — С. 4–5.	article-029640; article-029641; article-029644; article-029651
journal-issue-010211	3	— Севастополь, 1922. — № 3. — С. 4; № 4. — С. 3.	article-029649; article-029650; article-029652
journal-issue-010209	2	— Севастополь, 1923. — № 1. — С. 9–10.	article-029642; article-029646
journal-issue-010206	2	— Севастополь, 1923. — № 2. — С. 7.	article-029637; article-029638
journal-issue-010207	2	— Севастополь, 1923. — № 3. — С. 5–6: ил.; 1924. — № 4–5. — С. 5–6: ил.	article-029639; article-029647
journal-issue-010210	3	— Севастополь, 1924. — № 4–5. — С. 37.	article-029643; article-029645; article-029648
journal-issue-010555	3	— 1998. — № 4 — С. 5.	article-030333; article-030438; article-030459
journal-issue-010603	2	— 1998. — № 6. — С. 3.	article-030416; article-030458
journal-issue-010595	2	— 1998. — № 7. — С. 3.	article-030402; article-030417
journal-issue-010579	6	— 1998. — № 9. — С. 5.	article-030365; article-030375; article-030399; article-030403; article-030418; article-030419
journal-issue-010584	4	— 1999. — № 3 (31). — С. 5.	article-030371; article-030420; article-030421; article-030469
journal-issue-010585	4	— 1999. — № 5 (14). — С. 5.	article-030372; article-030422; article-030453; article-030468
journal-issue-010612	2	— 2000. — № 1 (17). — С. 1.	article-030440; article-030460
journal-issue-010570	5	— 2000. — № 2 (18). — С. 6.	article-030352; article-030366; article-030373; article-030401; article-030466
journal-issue-010571	2	— 2000. — № 3 (19). — С. 4.	article-030353; article-030463
journal-issue-010572	2	— 2001. — № 1 (23). — С. 6.	article-030354; article-030454
journal-issue-010561	3	— 2001. — № 4 (26). — С. 6.	article-030339; article-030377; article-030381
journal-issue-010573	2	— 2002. — № 1 (27). — С. 8.	article-030355; article-030462
journal-issue-010580	2	— 2002. — № 3 (29). — С. 4.	article-030367; article-030384
journal-issue-010562	3	— 2002. — № 5 (31). — С. 2.	article-030340; article-030378; article-030406
journal-issue-010587	2	— 2002. — № 6 (32). — С. 4.	article-030379; article-030449
journal-issue-010578	3	— 2003. — № 2 (35). — С. 6.	article-030364; article-030394; article-030400
journal-issue-010593	2	— 2003. — № 4 (37). — С. 5.	article-030389; article-030393
journal-issue-010559	3	— 2003. — № 6–7 (39–40). — С. 3.	article-030337; article-030356; article-030407
journal-issue-010590	2	— 2004. — № 2 (43). — С. 9.	article-030385; article-030428
journal-issue-010583	3	— 2004. — № 5 (46). — С. 3.	article-030370; article-030374; article-030382
journal-issue-010609	3	— 2004. — № 6 (47). — С. 2.	article-030429; article-030430; article-030452
journal-issue-010610	2	— 2004. — № 7 (48). — С. 2.	article-030431; article-030455
journal-issue-010591	3	— 2005. — № 1 (49). — С. 1.	article-030386; article-030432; article-030435
journal-issue-010552	3	— 2005. — № 2 (50). — С. 15.	article-030330; article-030433; article-030434
journal-issue-010574	2	— 2007–2008. — № 1 (66–69). — С. 27.	article-030358; article-030461
journal-issue-010551	2	— 2007. — № 5–7 (63–67). — С. 12–13; 2007–2008. — № 1 (66–69). — С. 14–15.	article-030329; article-030357
journal-issue-010553	4	— 2008. — № 3 (75–79). — С. 23.	article-030331; article-030360; article-030437; article-030450
journal-issue-010576	2	— 2009. — № 1 (80–83). — С. 22–23.	article-030361; article-030436
journal-issue-010614	2	— 2009–2012. — № 1 (92–94). — С. 19.	article-030344; article-030448
journal-issue-010554	5	— 2009. — № 2 (84–87). — С. 31–32.	article-030332; article-030341; article-030392; article-030409; article-030456
journal-issue-010566	2	— 2010. — № 3 (100–104). — С. 12–16.	article-030345; article-030363
journal-issue-010563	3	— 2011. — № 1 (105–113). — С. 28.	article-030342; article-030346; article-030398
journal-issue-010602	2	— 2011. — № 2 (114–121). — С. 24.	article-030414; article-030457
journal-issue-010557	4	— 2012. — № 1 (114–120). — С. 8.	article-030335; article-030391; article-030395; article-030445
journal-issue-010558	5	— 2012. — № 2 (121–130). — С. 6, 9–10.	article-030336; article-030347; article-030396; article-030397; article-030443
journal-issue-010560	3	— 2013. — № 3 (131–142). — С. 15.	article-030338; article-030348; article-030444
journal-issue-010568	4	— 2015. — № 1 (155). — С. 47.	article-030350; article-030387; article-030404; article-030447
journal-issue-010592	2	— 2017. — № 1 (158). — С. 36.	article-030388; article-030411
journal-issue-010589	2	— 2022. — № 1. — С. 82–83.	article-030383; article-030441
journal-issue-010601	4	— 2022. — №1–2. — С. 42–45.	article-030413; article-030415; article-030442; article-030467
journal-issue-010652	2	— Вологда, 2003. — Вып. 9. — С. 166–178.	article-030539; article-030541
journal-issue-010618	2	— 1994. — № 21. — С. 12–13: ил.	article-030470; article-030491
journal-issue-010619	2	— 1995. — № 25. — С. 11; 1995. — № 26. — С. 8: ил.	article-030471; article-030523
journal-issue-010647	2	— 1996. — № 24. — Приложение Бонистика. — Вып. 1. — С. 8.	article-030518; article-030519
journal-issue-010638	5	— 1996. — № 28. — Январь. — Приложение Бонистика. — Вып. 3. — С. 2–3: ил.	article-030494; article-030499; article-030500; article-030516; article-030522
journal-issue-010639	6	— 1996. — № 31. — Приложение Бонистика. — Вып. 4. — С. 6–7: ил.; 1997. — № 35. — Приложение Бонистика. — Вып. 5. — С. 5–7: ил.; 1998. — № 40. — Приложение Бонистика. — Вып. 6. — С. 6–7.	article-030495; article-030501; article-030502; article-030503; article-030517; article-030529
journal-issue-010620	2	— 1996. — № 32. — С. 9.	article-030472; article-030489
journal-issue-010626	4	— 1997. — № 35. — С. 7: ил.	article-030479; article-030504; article-030505; article-030520
journal-issue-010642	4	— 1998. — № 40. — Приложение Бонистика 6. — С. 8: ил.	article-030506; article-030525; article-030532; article-030534
journal-issue-010622	2	— 1999. — № 3 (43). — Приложение «Жетоны, марки, фишки» № 11. — С. 1.	article-030474; article-030475
journal-issue-010643	6	— 2000. — № 5 (45). — Приложение Бонистика. — Вып. 7. — С. 4–5: ил.	article-030507; article-030521; article-030524; article-030527; article-030533; article-030535
journal-issue-010640	5	— 2001. — Приложение Бонистика. — Вып. 8. — С. 2–3.	article-030496; article-030497; article-030508; article-030509; article-030536
journal-issue-010645	5	— 2003. — № 21 (61). — Приложение Бонистика. — Вып. 9. — С. 3.	article-030510; article-030511; article-030528; article-030530; article-030537
journal-issue-010636	2	— 2004. — № 25 (65). — С. 7.	article-030492; article-030512
journal-issue-010641	4	— 2005. — № 28 (68). — Приложение Бонистика. — Вып. 12. — С. 1–4.	article-030498; article-030513; article-030514; article-030515
journal-issue-010633	2	— 2006. — № 31 (71). — С. 14.	article-030486; article-030487
journal-issue-011220	4	— 2000. — январь-февраль.	article-032037; article-032038; article-032039; article-032040
journal-issue-011222	2	— 2001. — март-апрель.	article-032042; article-032044
journal-issue-011225	2	— 2002. — март-апрель.	article-032046; article-032047
journal-issue-011217	2	— 2007. — № 2 (80). — С. 72–75.	article-032034; article-032057
journal-issue-011723	2	— Саранск: Мордов. кн. изд-во, 2003. — С. 176–177.	article-033066; article-033067
journal-issue-011845	10	— Московский бонист. — 1960. — № 1	article-033440; article-033441; article-033442; article-033443; article-033444; article-033445; article-033446; article-033447; article-033448; article-033449
journal-issue-011846	7	— Московский бонист. — 1960. — № 2	article-033450; article-033451; article-033452; article-033453; article-033454; article-033455; article-033456
journal-issue-011847	5	— Московский бонист. — 1960. — № 3	article-033457; article-033458; article-033459; article-033460; article-033461
journal-issue-011848	6	— Московский бонист. — 1960. — № 4	article-033462; article-033463; article-033464; article-033465; article-033466; article-033467
journal-issue-011849	5	— Московский бонист. — 1960. — № 5.	article-033468; article-033469; article-033470; article-033471; article-033472
journal-issue-011850	4	— Московский бонист. — 1961. — № 1 (6)	article-033473; article-033474; article-033475; article-033476
journal-issue-011851	8	— Московский бонист. — 1961. — № 2 (7).	article-033477; article-033478; article-033479; article-033480; article-033481; article-033482; article-033483; article-033484
journal-issue-011852	8	— Московский бонист. — 1961. — № 3 (8).	article-033485; article-033486; article-033487; article-033488; article-033489; article-033490; article-033491; article-033492
journal-issue-011853	6	— Московский бонист. — 1961. — № 4 (9).	article-033493; article-033494; article-033495; article-033496; article-033497; article-033498
journal-issue-011854	7	— Московский бонист. — 1961. — № 5 (10).	article-033499; article-033500; article-033501; article-033502; article-033503; article-033504; article-033505
journal-issue-011855	4	— Московский бонист. — 1961. — № 6 (11).	article-033506; article-033507; article-033508; article-033509
journal-issue-011856	4	— Московский бонист. — 1961. — № 7 (12).	article-033510; article-033511; article-033512; article-033513
journal-issue-011857	4	— Московский бонист. — 1961. — № 8 (13)	article-033514; article-033515; article-033516; article-033517
journal-issue-011858	3	— Московский бонист. — 1962. — № 2 (15).	article-033518; article-033519; article-033520
journal-issue-011859	12	— Московский бонист. — 1963. — № 1–2 (20–21).	article-033521; article-033522; article-033523; article-033524; article-033525; article-033526; article-033527; article-033528; article-033529; article-033530; article-033531; article-033532
journal-issue-011860	7	— Московский бонист. — 1963. — № 3–4 (22–23).	article-033533; article-033534; article-033535; article-033536; article-033537; article-033538; article-033539
journal-issue-011861	6	— Московский бонист. — 1963. — № 5–6 (24–25).	article-033540; article-033541; article-033542; article-033543; article-033544; article-033545
journal-issue-011862	10	— Московский бонист. — 1963. — № 7–8 (26–27).	article-033546; article-033547; article-033548; article-033549; article-033550; article-033551; article-033552; article-033553; article-033554; article-033555
journal-issue-011863	6	— Московский бонист. — 1964. — № 1 (28).	article-033556; article-033557; article-033558; article-033559; article-033560; article-033561
journal-issue-011864	4	— Московский бонист. — 1964. — № 2 (29).	article-033562; article-033563; article-033564; article-033565
journal-issue-011865	6	— Московский бонист. — 1964. — № 3–4 (30–31).	article-033566; article-033567; article-033568; article-033569; article-033570; article-033571
journal-issue-011866	11	— Московский бонист. — 1964. — № 5–6 (32–33).	article-033572; article-033573; article-033574; article-033575; article-033576; article-033577; article-033578; article-033579; article-033580; article-033581; article-033582
journal-issue-011867	7	— Московский бонист. — 1965. — № 1 (34).	article-033583; article-033584; article-033585; article-033586; article-033587; article-033588; article-033589
journal-issue-011868	7	— Московский бонист. — 1965. — № 2–3 (35–36).	article-033590; article-033591; article-033592; article-033593; article-033594; article-033595; article-033596
journal-issue-011869	6	— Московский бонист. — 1965. — № 4–5 (37–38).	article-033597; article-033598; article-033599; article-033600; article-033601; article-033602
journal-issue-011870	7	— Московский бонист. — 1965. — № 6–7 (39–40).	article-033603; article-033604; article-033605; article-033606; article-033607; article-033608; article-033609
journal-issue-011871	8	— Московский бонист. — 1966. — № 1–2 (41–42).	article-033610; article-033611; article-033612; article-033613; article-033614; article-033615; article-033616; article-033617
journal-issue-011872	10	— Московский бонист. — 1966. — № 3–4 (43–44).	article-033618; article-033619; article-033620; article-033621; article-033622; article-033623; article-033624; article-033625; article-033626; article-033627
journal-issue-011873	8	— Московский бонист. — 1966. — № 5–6 (45–46).	article-033628; article-033629; article-033630; article-033631; article-033632; article-033633; article-033634; article-033635
journal-issue-011874	7	— Московский бонист. — 1967. — № 1–2 (47–48).	article-033636; article-033637; article-033638; article-033639; article-033640; article-033641; article-033642
journal-issue-011875	10	— Московский бонист. — 1967. — № 3–4 (49–50).	article-033643; article-033644; article-033645; article-033646; article-033647; article-033648; article-033649; article-033650; article-033651; article-033652
journal-issue-011876	4	— Московский бонист. — 1967. — № 5 (51).	article-033653; article-033654; article-033655; article-033656
journal-issue-011877	7	— Московский бонист. — 1967. — № 6–7 (52–53).	article-033657; article-033658; article-033659; article-033660; article-033661; article-033662; article-033663
journal-issue-011878	9	— Московский бонист. — 1968. — № 1–2 (54–55).	article-033664; article-033665; article-033666; article-033667; article-033668; article-033669; article-033670; article-033671; article-033672
journal-issue-011879	2	— Московский бонист. — 1968. — № 3–4 (56–57).	article-033673; article-033674
journal-issue-011880	7	— Московский бонист. — 1968. — № 5–6 (58–59).	article-033675; article-033676; article-033677; article-033678; article-033679; article-033680; article-033681
journal-issue-011882	9	— Московский бонист. — 1969. — № 1–2 (60–61).	article-033682; article-033683; article-033684; article-033685; article-033686; article-033687; article-033688; article-033689; article-033690
journal-issue-011883	4	— Московский бонист. — 1969. — № 3–4 (62–63).	article-033691; article-033692; article-033693; article-033694
journal-issue-011884	8	— Московский бонист. — 1969. — № 5–6 (64–65).	article-033695; article-033696; article-033697; article-033698; article-033699; article-033700; article-033701; article-033702
journal-issue-011885	4	— Московский бонист. — 1970. — № 1–2 (66–67).	article-033703; article-033704; article-033705; article-033706
journal-issue-011886	8	— Московский бонист. — 1970. — № 3–4 (68–69).	article-033707; article-033708; article-033709; article-033710; article-033711; article-033712; article-033713; article-033714
journal-issue-011887	6	— Московский бонист. — 1970. — № 5–6 (70–71).	article-033715; article-033716; article-033717; article-033718; article-033719; article-033720
journal-issue-011888	6	— Московский бонист. — 1971. — № 1–2 (72–73).	article-033721; article-033722; article-033723; article-033724; article-033725; article-033726
journal-issue-011889	8	— Московский бонист. — 1971. — № 3–4 (74–75).	article-033727; article-033728; article-033729; article-033730; article-033731; article-033732; article-033733; article-033734
journal-issue-011890	4	— Московский бонист. — 1971. — № 5–6 (76–77).	article-033735; article-033736; article-033737; article-033738
journal-issue-011891	8	— Московский бонист. — 1972. — № 1–2 (78–79).	article-029773; article-033739; article-033740; article-033741; article-033742; article-033743; article-033744; article-033745
journal-issue-011893	6	— Московский бонист. — 1972. — № 3–4 (80–81).	article-033746; article-033747; article-033748; article-033749; article-033750; article-033751
journal-issue-011894	4	— Московский бонист. — 1972. — № 5–6 (82–83).	article-033752; article-033753; article-033754; article-033755
journal-issue-011895	7	— Московский бонист. — 1973. — № 1–2 (84–85).	article-033756; article-033757; article-033758; article-033759; article-033760; article-033761; article-033762
journal-issue-011896	6	— Московский бонист. — 1974. — № 1–2 (86–87).	article-033763; article-033764; article-033765; article-033766; article-033767; article-033768
journal-issue-011898	9	— Московский бонист. — 1975. — № 1–2 (90–91).	article-033770; article-033771; article-033772; article-033773; article-033774; article-033775; article-033776; article-033777; article-033778
journal-issue-011899	6	— Московский бонист. — 1975. — № 3–4 (92–93).	article-033779; article-033780; article-033781; article-033782; article-033783; article-033784
journal-issue-011900	3	— Московский бонист. — 1975. — № 5–6 (94–95).	article-033785; article-033786; article-033787
journal-issue-011901	5	— Московский бонист. — 1976. — № 1–2 (96–97).	article-033788; article-033789; article-033790; article-033791; article-033792
journal-issue-011902	5	— Московский бонист. — 1976. — № 3–4 (98–99).	article-033793; article-033794; article-033795; article-033796; article-033797
journal-issue-011903	4	— Московский бонист. — 1976. — № 5 (100).	article-033798; article-033799; article-033800; article-033801
journal-issue-011904	3	— Московский бонист. — 1976. — № 6–7 (101–102).	article-033802; article-033803; article-033804
journal-issue-011905	4	— Московский бонист. — 1976. — № 8–9 (103–104). — 20 октября.	article-033805; article-033806; article-033807; article-033808
journal-issue-011906	3	— Московский бонист. — 1977. — № 1–2 (105–106).	article-033809; article-033810; article-033811
journal-issue-011907	7	— Московский бонист. — 1977. — № 3–4 (107–108). — 16 марта.	article-033812; article-033813; article-033814; article-033815; article-033816; article-033817; article-033818
journal-issue-011908	8	— Московский бонист. — 1977. — № 5–6 (109–110).	article-033819; article-033820; article-033821; article-033822; article-033823; article-033824; article-033825; article-033826
journal-issue-011909	8	— Московский бонист. — 1977. — № 7–8 (111–112).	article-033827; article-033828; article-033829; article-033830; article-033831; article-033832; article-033833; article-033834
journal-issue-011910	9	— Московский бонист. — 1978. — № 1–2 (113–114).	article-033835; article-033836; article-033837; article-033838; article-033839; article-033840; article-033841; article-033842; article-033843
journal-issue-011911	13	— Московский бонист. — 1978. — № 3–4 (115–116).	article-029774; article-033844; article-033845; article-033846; article-033847; article-033848; article-033849; article-033850; article-033851; article-033852; article-033853; article-033854; article-033855
journal-issue-011915	7	— Московский бонист. — 1978. — № 5–6 (117–118).	article-033856; article-033857; article-033858; article-033859; article-033860; article-033861; article-033862
journal-issue-011916	7	— Московский бонист. — 1979. — № 1–2 (119–120).	article-033863; article-033864; article-033865; article-033866; article-033867; article-033868; article-033869
journal-issue-011917	6	— Московский бонист. — 1979. — № 3–4 (121–122).	article-029775; article-033870; article-033871; article-033872; article-033873; article-033874
journal-issue-011919	8	— Московский бонист. — 1979. — № 5–6 (123–124).	article-033875; article-033876; article-033877; article-033878; article-033879; article-033880; article-033881; article-033882
journal-issue-011921	21	— Московский бонист. — 1979. — № 7 (125).	article-033883; article-033884; article-033885; article-033886; article-033887; article-033888; article-033889; article-033890; article-033891; article-033892; article-033893; article-033894; article-033895; article-033896; article-033897; article-033898; article-033899; article-033900; article-033901; article-033902
journal-issue-011924	10	— Московский бонист. — 1980. — № 1–2 (126–127).	article-033904; article-033905; article-033906; article-033907; article-033908; article-033909; article-033910; article-033911; article-033912; article-033913
journal-issue-011925	6	— Московский бонист. — 1980. — № 3–4 (128–129).	article-033914; article-033915; article-033916; article-033917; article-033918; article-033919
journal-issue-011926	9	— Московский бонист. — 1981. — № 1–2 (130–131).	article-033920; article-033921; article-033922; article-033923; article-033924; article-033925; article-033926; article-033927; article-033928
journal-issue-011927	9	— Московский бонист. — 1981. — № 3–4 (132–133).	article-033929; article-033930; article-033931; article-033932; article-033933; article-033934; article-033935; article-033936; article-033937
journal-issue-011928	5	— Московский бонист. — 1981. — № 5–6 (134–135).	article-033938; article-033939; article-033940; article-033941; article-033942
journal-issue-011929	5	— Московский бонист. — 1982. — № 1–2 (136–137).	article-033943; article-033944; article-033945; article-033946; article-033947
journal-issue-011930	4	— Московский бонист. — 1982. — № 3–4 (138–139).	article-033948; article-033949; article-033950; article-033951
journal-issue-011931	5	— Московский бонист. — 1982. — № 5–6 (140–141).	article-033952; article-033953; article-033954; article-033955; article-033956
journal-issue-011932	8	— Московский бонист. — 1982. — № 7–8 (142–143).	article-033957; article-033958; article-033959; article-033960; article-033961; article-033962; article-033963; article-033964
journal-issue-011933	4	— Московский бонист. — 1983. — № 1–2 (144–145).	article-033965; article-033966; article-033967; article-033968
journal-issue-011934	3	— Московский бонист. — 1983. — № 3–4 (146–147).	article-033969; article-033970; article-033971
journal-issue-011935	2	— Московский бонист. — 1983. — № 5–6 (148–149).	article-033972; article-033973
journal-issue-011936	4	— Московский бонист. — 1984. — № 1–2 (150–151).	article-033974; article-033975; article-033976; article-033977
journal-issue-011937	2	— Московский бонист. — 1984. — № 3–4 (152–153).	article-033978; article-033979
journal-issue-011938	2	— Московский бонист. — 1984. — № 5–6 (154–155).	article-033980; article-033981
journal-issue-011939	4	— Московский бонист. — 1985. — № 1–2 (156–157).	article-033982; article-033983; article-033984; article-033985
journal-issue-011940	4	— Московский бонист. — 1985. — № 3–4 (158–159).	article-033986; article-033987; article-033988; article-033989
journal-issue-011941	5	— Московский бонист. — 1985. — № 5–6 (160–161).	article-033990; article-033991; article-033992; article-033993; article-033994
journal-issue-011942	3	— Московский бонист. — 1988. — № 1–2 (162–163).	article-033995; article-033996; article-033997
journal-issue-011943	5	— Московский бонист. — 1988. — № 3–4 (164–165).	article-033998; article-033999; article-034000; article-034001; article-034002
journal-issue-011944	7	— Московский бонист. — 1988. — № 5–6 (166–167)	article-034003; article-034004; article-034005; article-034006; article-034007; article-034008; article-034009
journal-issue-011945	4	— Московский бонист. — 1990. — № 1–2 (168–169)	article-034010; article-034011; article-034012; article-034013
journal-issue-011579	2	— 564с.; — С. 397–413.	article-032541; article-032542
journal-issue-010093	3	— СПб., 1900. — Кн. 2.	article-029474; article-029475; article-029476
journal-issue-011449	2	— 1990. — № 2. — С. 2–5.	article-032318; article-032319
journal-issue-011445	2	— 1991. — № 12.	article-032314; article-034018
journal-issue-011529	2	— Т.11. Вып. 3. — СПб.: СПбГУ, 2021. С.638 — 653.	article-032459; article-032593
journal-issue-010658	21	— С. 216–217	article-030545; article-030546; article-030548; article-030550; article-030551; article-030552; article-030555; article-030557; article-030558; article-030559; article-030560; article-030563; article-030564; article-030570; article-030571; article-030572; article-030575; article-030577; article-030578; article-030579
journal-issue-010657	16	— С. 75–79	article-030544; article-030547; article-030549; article-030553; article-030554; article-030556; article-030561; article-030562; article-030565; article-030566; article-030567; article-030568; article-030569; article-030573; article-030574; article-030576
journal-issue-010702	3	— 1990. — № 1.	article-030721; article-030722; article-030723
journal-issue-010703	3	— 1990. — № 2.	article-030724; article-030725; article-030726
journal-issue-010686	2	— 1991. — № 1; № 2; № 3.	article-030636; article-030727
journal-issue-010699	8	— 1991. — № 12.	article-030702; article-030719; article-030760; article-030761; article-030762; article-030763; article-030764; article-030765
journal-issue-010704	3	— 1991. — № 2.	article-030728; article-030729; article-030730
journal-issue-010694	4	— 1991. — № 3.	article-030662; article-030731; article-030732; article-030733
journal-issue-010698	4	— 1991. — № 4.	article-030685; article-030686; article-030734; article-030735
journal-issue-010688	9	— 1991. — № 5.	article-030644; article-030645; article-030656; article-030666; article-030736; article-030737; article-030738; article-030739; article-030740
journal-issue-010689	7	— 1991. — № 6.	article-030646; article-030718; article-030741; article-030742; article-030743; article-030744; article-030745
journal-issue-010690	6	— 1991. — № 7.	article-030647; article-030701; article-030746; article-030747; article-030748; article-030749
journal-issue-010691	8	— 1991. — № 8.	article-030648; article-030661; article-030683; article-030750; article-030751; article-030752; article-030753; article-030754
journal-issue-010684	8	— 1991. — № 9.	article-030629; article-030649; article-030720; article-030755; article-030756; article-030757; article-030758; article-030759
journal-issue-010700	5	— 1994. — № 1; № 2.	article-030710; article-030766; article-030767; article-030768; article-030769
journal-issue-010659	5	— 1994. — № 2.	article-030581; article-030664; article-030770; article-030771; article-030772
journal-issue-010692	6	— 1994. — № 3.	article-030650; article-030654; article-030773; article-030774; article-030775; article-030776
journal-issue-010672	7	— 1994. — № 4.	article-030598; article-030665; article-030700; article-030777; article-030778; article-030779; article-034014
journal-issue-010677	9	— 1994. — № 5.	article-030606; article-030607; article-030608; article-030780; article-030781; article-030782; article-030783; article-030784; article-030785
journal-issue-010660	10	— 1994. — № 6.	article-030582; article-030595; article-030596; article-030634; article-030682; article-030687; article-030786; article-030787; article-030788; article-030789
journal-issue-010661	3	— 1994. — № 7.	article-030583; article-030790; article-030791
journal-issue-010662	8	— 1994. — № 8; 1995. — № 1.	article-030584; article-030626; article-030663; article-030792; article-030793; article-030794; article-030795; article-030796
journal-issue-010673	5	— 1995. — № 1.	article-030599; article-030609; article-030638; article-030684; article-030797
journal-issue-010668	4	— 1995. — № 10; 1996. — № 1.	article-030590; article-030628; article-030677; article-030818
journal-issue-010663	6	— 1995. — № 2.	article-030585; article-030600; article-030610; article-030655; article-030798; article-030799
journal-issue-010664	8	— 1995. — № 3.	article-030586; article-030604; article-030611; article-030612; article-030637; article-030688; article-030800; article-030801
journal-issue-010665	6	— 1995. — № 4; 1995. — № 5.	article-030587; article-030601; article-030632; article-030657; article-030689; article-030802
journal-issue-010678	5	— 1995. — № 5.	article-030613; article-030625; article-030635; article-030640; article-030803
journal-issue-010679	6	— 1995. — № 6.	article-030614; article-030615; article-030667; article-030804; article-030805; article-030806
journal-issue-010701	4	— 1995. — № 7.	article-030711; article-030807; article-030808; article-030809
journal-issue-010666	7	— 1995. — № 8.	article-030588; article-030630; article-030639; article-030810; article-030811; article-030812; article-030813
journal-issue-010667	6	— 1995. — № 9.	article-030589; article-030690; article-030814; article-030815; article-030816; article-030817
journal-issue-010705	3	— 1996. — № 1.	article-030819; article-030820; article-030821
journal-issue-010693	4	— 1996. — № 10.	article-030653; article-030660; article-030835; article-030836
journal-issue-010669	4	— 1996. — № 2; № 3; № 4.	article-030591; article-030616; article-030668; article-030822
journal-issue-010687	4	— 1996. — № 3.	article-030641; article-030642; article-030715; article-030823
journal-issue-010680	6	— 1996. — № 4.	article-030617; article-030659; article-030669; article-030698; article-030703; article-030704
journal-issue-010681	4	— 1996. — № 5.	article-030618; article-030651; article-030652; article-030824
journal-issue-010676	6	— 1996. — № 6.	article-030605; article-030676; article-030691; article-030825; article-030826; article-030827
journal-issue-010674	10	— 1996. — № 7.	article-030602; article-030619; article-030675; article-030693; article-030708; article-030712; article-030828; article-030829; article-030830; article-030831
journal-issue-010695	9	— 1996. — № 8.	article-030670; article-030678; article-030692; article-030705; article-030716; article-030717; article-030832; article-030833; article-034015
journal-issue-010675	6	— 1996. — № 9.	article-030603; article-030620; article-030627; article-030679; article-030707; article-030834
journal-issue-010685	7	— 1997. — № 1.	article-030633; article-030658; article-030671; article-030837; article-030838; article-030839; article-030840
journal-issue-010682	3	— 1997. — № 2.	article-030621; article-030694; article-030709
journal-issue-010683	4	— 1997. — № 3.	article-030622; article-030695; article-030699; article-030714
journal-issue-010670	6	— 1998. — № 1–2.	article-030592; article-030593; article-030643; article-030672; article-030697; article-030841
journal-issue-010696	6	— 1998. — № 3.	article-030673; article-030680; article-030696; article-030706; article-030713; article-030842
journal-issue-010697	4	— 1998. — № 4.	article-030681; article-030843; article-030844; article-030845
journal-issue-010671	10	— 1998. — № 5.	article-030594; article-030597; article-030623; article-030624; article-030631; article-030674; article-030846; article-030847; article-030848; article-030849
journal-issue-010718	3	— 2003. — № 2 (2) — С. 24–28.	article-030944; article-030951; article-030958
journal-issue-010722	2	— 2004. — № 6. — С. 23–30.	article-030949; article-030961
journal-issue-010707	3	— 2005. — № 8. — С. 26–29.	article-030932; article-030955; article-030967
journal-issue-010708	3	— 2005. — № 9. — С. 18–19.	article-030933; article-030963; article-030964
journal-issue-010731	2	— 2006. — № 11. — С. 40.	article-030969; article-030970
journal-issue-010709	2	— 2006. — № 12. — С. 43.	article-030934; article-030945
journal-issue-010720	2	— 2008. — № 19. — С. 45–47.	article-030947; article-030972
journal-issue-010715	2	— 2009. — № 21. — С. 38–41.	article-030941; article-030953
journal-issue-010723	2	— 2010. — № 26. — С. 28–31.	article-030952; article-030960
journal-issue-010706	2	— 2012. — № 2 (32). — С. 220–225.	article-030931; article-030957
journal-issue-010716	2	— 2017. — № 41. — С. 109.	article-030942; article-030950
journal-issue-010729	2	— 2019. — № 46. — С. 181–185.	article-030966; article-030983
journal-issue-010714	2	— 2020. — № 1 (47). — С. 67–72.	article-030939; article-030940
journal-issue-010754	2	— 2009. — № 1. — С. 12.	article-030996; article-031000
journal-issue-010748	2	— 2011. — № 2. — С. 26–30.	article-030989; article-030995
journal-issue-010904	2	— 1999. — № 3. — С. 8. 2 ил.	article-031265; article-031287
journal-issue-010850	2	— 1999. — № 4. — С. 10: 6 ил.	article-031125; article-031520
journal-issue-010909	4	— 1999. — № 5. — С. 8: 2 ил.	article-031288; article-031387; article-031414; article-031527
journal-issue-010851	3	— 1999. — № 6. — С. 6: ил.	article-031126; article-031127; article-031128
journal-issue-010852	3	— 2000. — № 1 (7). — С. 8: ил.	article-031129; article-031130; article-031289
journal-issue-010853	3	— 2000. — № 2 (8). — С. 6–7: ил.	article-031131; article-031132; article-031290
journal-issue-010854	2	— 2000. — № 4 (10). — С. 8.	article-031133; article-031266
journal-issue-010855	3	— 2000. — № 5 (11). — С. 5: ил.	article-031134; article-031215; article-031292
journal-issue-010856	4	— 2000. — № 6 (12). — С. 5.	article-031135; article-031293; article-031528; article-031529
journal-issue-010857	4	— 2000. — № 7 (13). — С. 8	article-031136; article-031294; article-031530; article-031531
journal-issue-010890	7	— 2000. — № 8 (14). — С. 7.	article-031216; article-031295; article-031388; article-031532; article-031533; article-031534; article-031535
journal-issue-010875	6	— 2001. — № 1 (15). — С. 9.	article-031172; article-031536; article-031537; article-031538; article-031539; article-031540
journal-issue-010858	3	— 2001. — № 2 (16). — С. 6.	article-031137; article-031138; article-031139
journal-issue-010859	3	— 2001. — № 3 (17). — С. 8.	article-031140; article-031541; article-031542
journal-issue-010860	5	— 2002. — № 2 (19). — С. 11.	article-031141; article-031142; article-031297; article-031439; article-031543
journal-issue-010912	5	— 2002. — № 3 (20). — С. 13–14.	article-031298; article-031436; article-031544; article-031545; article-031546
journal-issue-010816	8	— 2002. — № 4 (21). — С. 17.	article-031063; article-031143; article-031144; article-031299; article-031547; article-031548; article-031549; article-031550
journal-issue-010877	7	— 2003. — № 1 (22). — С. 10–12.	article-031175; article-031300; article-031551; article-031552; article-031553; article-031554; article-031555
journal-issue-010861	2	— 2003. — № 2 (23). — С. 35.	article-031145; article-031169
journal-issue-010879	5	— 2003. — № 4 (25). — С. 15–18.	article-031177; article-031556; article-031557; article-031558; article-031559
journal-issue-010772	12	— 2003. — № 5 (26). — С. 23.	article-031015; article-031146; article-031147; article-031301; article-031389; article-031560; article-031561; article-031562; article-031563; article-031564; article-031565; article-031566
journal-issue-010862	6	— 2004. — № 1 (27). — С. 4.	article-031148; article-031302; article-031567; article-031568; article-031569; article-031570
journal-issue-010863	4	— 2004. — № 2 (28). — С. 6–7.	article-031149; article-031303; article-031571; article-031572
journal-issue-010864	7	— 2004. — № 3 (29). — С. 5.	article-031150; article-031304; article-031352; article-031573; article-031574; article-031575; article-031576
journal-issue-010880	6	— 2004. — № 4 (30). — С. 5.	article-031178; article-031305; article-031577; article-031578; article-031579; article-031580
journal-issue-010782	7	— 2005. — № 1 (31). — С. 8–10.	article-031025; article-031058; article-031151; article-031152; article-031208; article-031306; article-031581
journal-issue-010783	2	— 2005. — № 2 (32). — С. 5–7.	article-031026; article-031307
journal-issue-010784	4	— 2005. — № 3. — С. 4.	article-031027; article-031028; article-031201; article-031308
journal-issue-010865	4	— 2005. — № 4. — С. 5.	article-031153; article-031154; article-031155; article-031309
journal-issue-010785	4	— 2005. — № 5. — С. 7–9.	article-031029; article-031156; article-031202; article-031522
journal-issue-010767	5	— 2006. — № 1. — С. 10–11.	article-031010; article-031030; article-031310; article-031395; article-031418
journal-issue-010786	4	— 2006. — № 2. — С. 4–5; № 3. — С. 4–7; № 4. — С. 4–7.	article-031031; article-031311; article-031396; article-031415
journal-issue-010873	2	— 2006. — № 3. — С. 10.	article-031170; article-031397
journal-issue-010780	2	— 2006. — № 4. — С. 8.	article-031023; article-031312
journal-issue-010787	4	— 2006. — № 5. — С. 12–13.	article-031032; article-031157; article-031313; article-031583
journal-issue-010788	4	— 2007. — № 1. — С.6–9.	article-031033; article-031158; article-031179; article-031314
journal-issue-010789	6	— 2007. — № 2. — С.6–7.	article-031034; article-031180; article-031315; article-031398; article-031459; article-031465
journal-issue-010790	3	— 2007. — № 3. — С. 6–8.	article-031035; article-031159; article-031316
journal-issue-010844	7	— 2007. — № 4. — С. 2.	article-031113; article-031181; article-031317; article-031399; article-031466; article-031584; article-031585
journal-issue-010866	8	— 2007. — № 5. — С. 12.	article-031160; article-031182; article-031186; article-031318; article-031400; article-031526; article-031586; article-031587
journal-issue-010888	6	— 2008. — № 1. — С. 6–10.	article-031203; article-031321; article-031401; article-031461; article-031588; article-031589
journal-issue-010808	7	— 2008. — № 2. — С. 14–17.	article-031054; article-031270; article-031319; article-031320; article-031393; article-031460; article-031590
journal-issue-010768	7	— 2008. — № 3. — С. 6–7.	article-031011; article-031197; article-031280; article-031322; article-031323; article-031381; article-031591
journal-issue-010812	5	— 2008. — № 4. — С. 9.	article-031059; article-031324; article-031325; article-031326; article-031592
journal-issue-010769	6	— 2008. — № 5. — С. 4–7.	article-031012; article-031037; article-031183; article-031237; article-031327; article-031593
journal-issue-010845	4	— 2009. — № 1. — С. 11.	article-031114; article-031286; article-031470; article-031486
journal-issue-010905	7	— 2009. — № 2. — С. 7.	article-031271; article-031284; article-031328; article-031467; article-031525; article-031594; article-031595
journal-issue-010766	6	— 2009. — № 3. — С. 8.	article-031009; article-031238; article-031329; article-031523; article-031596; article-031597
journal-issue-010897	3	— 2009. — № 4. — С. 4–5.	article-031239; article-031330; article-031353
journal-issue-010794	6	— 2009. — № 5. — С. 13.	article-031040; article-031187; article-031281; article-031331; article-031332; article-031598
journal-issue-010770	6	— 2009. — № 6. — С. 4–5.	article-031013; article-031240; article-031333; article-031471; article-031599; article-031600
journal-issue-010894	5	— 2010. — № 1. — С. 10.	article-031228; article-031241; article-031334; article-031406; article-031601
journal-issue-010898	4	— 2010. — № 2. — С. 4–6.	article-031242; article-031282; article-031335; article-031602
journal-issue-010867	9	— 2010. — № 3. — С. 12.	article-031161; article-031174; article-031218; article-031243; article-031336; article-031351; article-031402; article-031603; article-031604
journal-issue-010892	6	— 2010. — № 4. — С. 8.	article-031219; article-031220; article-031283; article-031337; article-031391; article-031417
journal-issue-010876	10	— 2010. — № 5. — С. 10–11.	article-031173; article-031184; article-031221; article-031244; article-031338; article-031339; article-031403; article-031472; article-031494; article-031605
journal-issue-010881	5	— 2010. — № 6. — С. 9.	article-031185; article-031222; article-031245; article-031340; article-031404
journal-issue-010899	7	— 2011. — № 1. — С. 12–14.	article-031246; article-031341; article-031407; article-031495; article-031606; article-031607; article-031608
journal-issue-010893	8	— 2011. — № 2. — С. 8–9.	article-031223; article-031247; article-031342; article-031354; article-031473; article-031505; article-031609; article-031610
journal-issue-010868	7	— 2011. — № 3. — С. 7.	article-031162; article-031285; article-031343; article-031474; article-031506; article-031611; article-031612
journal-issue-010895	6	— 2011. — № 4. — С. 9.	article-031230; article-031344; article-031419; article-031437; article-031613; article-031614
journal-issue-010908	9	— 2011. — № 5. — С. 8.	article-031278; article-031345; article-031355; article-031394; article-031496; article-031507; article-031524; article-031615; article-031616
journal-issue-010869	8	— 2011. — № 6. — С. 7.	article-031163; article-031231; article-031346; article-031356; article-031364; article-031475; article-031617; article-031618
journal-issue-010913	6	— 2012. — № 1. — С. 8–9.	article-031347; article-031365; article-031476; article-031508; article-031619; article-031620
journal-issue-010900	7	— 2012. — № 2. — С. 10.	article-031248; article-031348; article-031357; article-031477; article-031509; article-031621; article-031622
journal-issue-010872	5	— 2012. — № 3. — С. 13.	article-031166; article-031249; article-031478; article-031497; article-031623
journal-issue-010870	8	— 2012. — № 4. — С. 14–15.	article-031164; article-031250; article-031349; article-031366; article-031510; article-031624; article-031625; article-031626
journal-issue-010813	7	— 2012. — № 5. — С. 11.	article-031060; article-031279; article-031350; article-031367; article-031382; article-031405; article-031627
journal-issue-010901	6	— 2012. — № 6. — С. 8.	article-031251; article-031358; article-031383; article-031479; article-031511; article-031628
journal-issue-010773	12	— 2013. — № 1. — С. 9–13.	article-031016; article-031105; article-031252; article-031368; article-031384; article-031438; article-031462; article-031629; article-031630; article-031631; article-031632; article-031633
journal-issue-010777	8	— 2013. — № 2. — С. 14–16.	article-031020; article-031115; article-031209; article-031253; article-031468; article-031498; article-031512; article-031634
journal-issue-010902	6	— 2013. — № 3. — С. 12.	article-031254; article-031359; article-031369; article-031385; article-031480; article-031513
journal-issue-010778	2	— 2013. — № 4. — С. 8–12.	article-031021; article-031255
journal-issue-010779	7	— 2013. — № 5. — С. 18–21.	article-031022; article-031207; article-031224; article-031256; article-031370; article-031499; article-031635
journal-issue-010817	8	— 2013. — № 6. — С. 7–11.	article-031064; article-031065; article-031112; article-031210; article-031225; article-031226; article-031257; article-031463
journal-issue-010840	9	— 2014. — № 1. — С. 8–9.	article-031106; article-031167; article-031193; article-031232; article-031258; article-031360; article-031361; article-031481; article-031482
journal-issue-010818	5	— 2014. — № 2. — С. 8–11.	article-031066; article-031259; article-031260; article-031372; article-031636
journal-issue-010819	3	— 2014. — № 3. — С. 7–9.	article-031067; article-031194; article-031261
journal-issue-010771	4	— 2014. — № 4. — С. 14–15.	article-031014; article-031120; article-031262; article-031371
journal-issue-010903	2	— 2014. — № 5 — С. 6–7.	article-031263; article-031500
journal-issue-010814	4	— 2015. — № 1. — С. 14–15.	article-031061; article-031362; article-031408; article-031515
journal-issue-010774	3	— 2015. — № 2. — С. 19–24; № 3. — С. 18–19; № 4. — С. 11–13.	article-031017; article-031068; article-031229
journal-issue-010841	5	— 2015. — № 3. — С. 22.	article-031107; article-031168; article-031501; article-031516; article-031637
journal-issue-010820	3	— 2015. — № 4. — С. 6–10.	article-031069; article-031204; article-031420
journal-issue-010775	7	— 2015. — № 5. — С. 12–16; № 6. — С. 20–23.	article-031018; article-031070; article-031264; article-031274; article-031392; article-031638; article-031639
journal-issue-010891	3	— 2015. — № 6. — С. 82–87.	article-031217; article-031517; article-031640
journal-issue-010776	7	— 2016. — № 1. — С. 26–36.	article-031019; article-031071; article-031108; article-031116; article-031121; article-031233; article-031641
journal-issue-010871	5	— 2016. — № 2. — С. 15–17.	article-031165; article-031195; article-031211; article-031373; article-031464
journal-issue-010795	4	— 2016. — № 3. — С. 9–13.	article-031041; article-031227; article-031275; article-031374
journal-issue-010914	2	— 2016. — № 4. — С. 6–7.	article-031375; article-031421
journal-issue-010821	3	— 2016. — № 5. — С. 14–15.	article-031072; article-031236; article-031409
journal-issue-010798	5	— 2016. — № 6. — С. 21.	article-031044; article-031363; article-031416; article-031435; article-031502
journal-issue-010921	2	— 2017. — № 1. — С. 16.	article-031434; article-031469
journal-issue-010823	2	— 2017. — № 3 (101). — С. 7–8.	article-031074; article-031075
journal-issue-010915	2	— 2017. — № 4. — С. 11–14.	article-031376; article-031503
journal-issue-010896	2	— 2017. — № 5. — С. 18–20.	article-031234; article-031410
journal-issue-010916	7	— 2017. — № 6. — С. 21–25.	article-031377; article-031440; article-031518; article-031519; article-031642; article-031643; article-031644
journal-issue-010809	2	— 2018. — № 1 (105). — С. 20–21.	article-031055; article-031080
journal-issue-010917	3	— 2018. — № 1. — С. 14–18.	article-031378; article-031441; article-031645
journal-issue-010919	4	— 2018. — № 2. — С. 19–27.	article-031411; article-031442; article-031483; article-031646
journal-issue-010822	8	— 2018. — № 3. — С. 20–22.	article-031073; article-031198; article-031205; article-031212; article-031379; article-031443; article-031484; article-031647
journal-issue-010886	7	— 2018. — № 4. — С. 22–23.	article-031199; article-031273; article-031380; article-031444; article-031485; article-031648; article-031649
journal-issue-010842	4	— 2018. — № 5. — С. 13.	article-031109; article-031117; article-031445; article-031504
journal-issue-010883	2	— 2019. — № 1. — С. 20–24.	article-031189; article-031446
journal-issue-010843	7	— 2019. — № 2. — С. 10.	article-031110; article-031118; article-031190; article-031267; article-031422; article-031447; article-031650
journal-issue-010834	2	— 2019. — № 3 (112). — С. [2].	article-031087; article-031089
journal-issue-010884	7	— 2019. — № 3. — С. 26–28.	article-031191; article-031213; article-031448; article-031487; article-031651; article-031652; article-031653
journal-issue-010831	2	— 2019. — № 4 (113). — С. [17].	article-031084; article-031088
journal-issue-010887	5	— 2019. — № 4. — С. 18–20.	article-031200; article-031423; article-031449; article-031488; article-031489
journal-issue-010846	6	— 2019. — № 5. — С. 13–19.	article-031119; article-031192; article-031412; article-031424; article-031450; article-031490
journal-issue-010810	3	— 2020. — № 1 (115). — С. 17 — 19.	article-031056; article-031090; article-031096
journal-issue-010907	4	— 2020. — № 1. — С. 20–21.	article-031276; article-031277; article-031451; article-031491
journal-issue-010837	2	— 2020. — № 2 (116). — С. 39.	article-031098; article-031099
journal-issue-010918	8	— 2020. — № 2. — С. 16–26.	article-031386; article-031425; article-031426; article-031430; article-031452; article-031456; article-031492; article-031654
journal-issue-010836	3	— 2020. — № 3 (117). — С. [8–9].	article-031093; article-031094; article-031097
journal-issue-010885	7	— 2020. — № 3. — С. 27.	article-031196; article-031214; article-031268; article-031390; article-031413; article-031427; article-031453
journal-issue-010815	3	— 2020. — № 4. — С. 17.	article-031062; article-031111; article-031454
journal-issue-010835	3	— 2020. — № 4 (118). — С. 18 — [19].	article-031091; article-031092; article-031095
journal-issue-010839	2	— 2021. — № 1 (119). — С. [10 — 13].	article-031102; article-031104
journal-issue-010920	5	— 2021. — № 1. — С. 14–18.	article-031428; article-031429; article-031455; article-031655; article-031656
journal-issue-010811	2	— 2021. — № 2 (120). — С. 110–111.	article-031057; article-031101
journal-issue-010889	6	— 2021. — № 3. — С. 12–16.	article-031206; article-031235; article-031431; article-031457; article-031493; article-031657
journal-issue-010838	2	— 2021. — № 4 (122). — С. 18 — 20.	article-031100; article-031103
journal-issue-010847	6	— 2021. — № 4. — С. 22–24.	article-031122; article-031269; article-031432; article-031433; article-031458; article-031658
journal-issue-010501	2	— Латвия, Рига, 2000. — С. 2–8.	article-030193; article-030194
journal-issue-010229	4	— 1922. — № 1.	article-029670; article-029671; article-029672; article-029673
journal-issue-010926	2	— 2002. — № 3–4 (16). — С. 27–33.	article-031660; article-031661
journal-issue-011298	2	— 2005. — № 5. — С. 92–97.	article-032121; article-032134
journal-issue-010231	2	— 1930. — № 3. — С. 11.	article-029675; article-029676
journal-issue-010241	2	— 1935. — № 22. — С. 205–209.	article-029686; article-029687
journal-issue-010248	2	— 1938. — № 32–33. — С. 169–171.	article-029694; article-029695
journal-issue-010249	3	— 1938. — № 34. — С. 179–183.	article-029696; article-029697; article-029698
journal-issue-010250	2	— 1939. — № 36. — С. 227–228.	article-029699; article-029700
journal-issue-010251	3	— 1939. — № 37. — С. 252–253.	article-029701; article-029702; article-029703
journal-issue-010255	3	— 1955. — № 46–47. — С. 40–41.	article-029707; article-029708; article-029709
journal-issue-010256	2	— 1957. — № 51. — С. 29.	article-029710; article-029711
journal-issue-011708	2	— М., 1999. — С. 43–50.	article-032761; article-032762
journal-issue-010267	3	— Новочеркасск, 1922. — № 2. — С. 30.	article-029722; article-029726; article-029729
journal-issue-010268	2	— Новочеркасск, 1922. — № 3–4. — С. 42–43.	article-029723; article-029730
journal-issue-010270	4	— Новочеркасск, 1922. — № 5–6. — С. 61–62.	article-029725; article-029727; article-029731; article-029732
journal-issue-011796	5	— 1924. — № 11–12. — С. 18–19: ил.	article-033317; article-033318; article-033319; article-033347; article-033438
journal-issue-011793	2	— 1924. — № 2. — С. 11.	article-033314; article-033396
journal-issue-011765	3	— 1924. — № 4. — С. 17.	article-033272; article-033344; article-033398
journal-issue-011795	2	— 1924. — № 9. — С. 9–12 ил.	article-033316; article-033384
journal-issue-011778	3	— 1925. — № 11–12. — С. 21.	article-033287; article-033362; article-033378
journal-issue-011761	2	— 1925. — № 13–14. — С. 25.	article-033268; article-033312
journal-issue-011802	2	— 1925. — № 18. — С. 11.	article-033325; article-033432
journal-issue-011803	2	— 1925. — № 21. — С. 8.	article-033326; article-033387
journal-issue-011763	3	— 1926. — № 12. — С. 4–6.	article-033270; article-033298; article-033307
journal-issue-011815	2	— 1926. — № 2. — С. 1–4: ил.	article-033348; article-033385
journal-issue-011768	2	— 1926. — № 3. — С. 18: ил.	article-033275; article-033415
journal-issue-011828	2	— 1926. — № 4. — С. 13–15; № 9. — С. 18–19.	article-033388; article-033427
journal-issue-011788	4	— 1926. — № 6. — С. 16–17.	article-033303; article-033354; article-033383; article-033391
journal-issue-011774	3	— 1926. — № 7. — С. 20.	article-033282; article-033297; article-033349
journal-issue-011770	2	— 1926. — № 8. — С. 15–16.	article-033277; article-033375
journal-issue-011775	3	— 1927. — № 1. — С. 18; № 2. — С. 18,	article-033283; article-033353; article-033416
journal-issue-011789	2	— 1927. — № 4. — С. 15.	article-033304; article-033417
journal-issue-011779	2	— 1927. — № 9. — С. 19.	article-033289; article-033399
journal-issue-011781	6	— 1928. — № 1. — С. 20; 1929. — № 4–6. — С. 44–45; 1930. — № 3. — С. 90–92; № 8–9. — С. 220–221; 1931. — № 8. — С. 226–227; 1932. — № 3. — С. 95–96; № 10–12. — С. 307–308.	article-033291; article-033338; article-033390; article-033395; article-033400; article-033401
journal-issue-011810	3	— 1928. — № 2. — С. 21.	article-033340; article-033379; article-033433
journal-issue-011809	2	— 1928. — № 3. — С. 16.	article-033336; article-033402
journal-issue-011780	13	— 1928. — № 4. — С. 1–4; № 5. — С. 3–7.	article-033290; article-033310; article-033311; article-033327; article-033328; article-033333; article-033339; article-033355; article-033356; article-033373; article-033376; article-033381; article-033419
journal-issue-011762	4	— 1928. — № 5. — С. 21.	article-033269; article-033308; article-033380; article-033403
journal-issue-011766	3	— 1928. — № 6. — С. 6.	article-033273; article-033337; article-033377
journal-issue-011786	6	— 1929. — № 10–12. — С. 41–43: ил.	article-033299; article-033334; article-033360; article-033366; article-033374; article-033407
journal-issue-011767	2	— 1929. — № 1–3. — С. 41.	article-033274; article-033404
journal-issue-011772	8	— 1929. — № 4–6. — С. 43–44.	article-033280; article-033288; article-033292; article-033302; article-033350; article-033351; article-033405; article-033421
journal-issue-011771	6	— 1929. — № 7–9. — С. 68–69.	article-033278; article-033279; article-033284; article-033335; article-033341; article-033406
journal-issue-011823	2	— 1930. — № 3. — С. 65–69.	article-033368; article-033425
journal-issue-011776	4	— 1930. — № 4–5. — С. 115–116: ил.	article-033285; article-033300; article-033309; article-033386
journal-issue-011822	3	— 1930. — № 6. — С. 142: ил.	article-033364; article-033367; article-033408
journal-issue-011777	4	— 1930. — № 7. — С. — 192.	article-033286; article-033369; article-033392; article-033426
journal-issue-011831	2	— 1930. — № 8–9. — С. 204–207.	article-033409; article-033436
journal-issue-011805	2	— 1931. — № 11. — С. 314–316.	article-033329; article-033393
journal-issue-011787	2	— 1931. — № 5. — С. 123–125.	article-033301; article-033365
journal-issue-011834	2	— 1931. — № 6. — С. 157–161; № 7. — С. 192–198.	article-033412; article-033422
journal-issue-011825	3	— 1932. — № 1. — С. 14–15.	article-033371; article-033394; article-033413
journal-issue-011769	2	— 1932. — № 3. — С. 70–72.	article-033276; article-033428
journal-issue-011826	2	— 1932. — № 4. — С. 105–106. Дополнение к статье о первых частных бонах Урала — приказ А. и Н. Всеволожских заводским мастеровым.	article-033372; article-033430
journal-issue-011836	2	— 1932. — № 8–9. — С. 247–248.	article-033418; article-033435
journal-issue-010278	4	— 1923. — № 11–12. — С. 4–5.	article-029743; article-029744; article-029745; article-029746
journal-issue-010274	3	— 1923. — № 1–2. — С. 4–6; № 6–8. — С. 5–7.	article-029735; article-029739; article-029740
journal-issue-010277	3	— 1923. — № 6–8. — С. 8.	article-029738; article-029747; article-029748
journal-issue-010276	3	— 1923. — № 9–10. — С. 2–5: ил.	article-029737; article-029741; article-029742
journal-issue-010315	2	— М.: Связь, 1964. — С. 125–132: ил.	article-029823; article-029847
journal-issue-010313	3	— М.: Связь, 1965. — С. 91–94: ил.	article-029812; article-029824; article-029827
journal-issue-010309	3	— М.: Связь, 1966. — С. 83–84: ил.	article-029801; article-029825; article-029856
journal-issue-010316	3	— М.: Связь, 1967. — С. 104–105.	article-029826; article-029850; article-029857
journal-issue-010318	4	— М.: Связь, 1968. — С. 120: ил.	article-029842; article-029843; article-029858; article-029886
journal-issue-010312	3	— М.: Связь, 1971. — С. 151–152.	article-029809; article-029811; article-029888
journal-issue-010319	2	— М.: Радио и связь, 1988. — С. 157–163: ил.	article-029844; article-029868
journal-issue-010966	2	— 1996. — № 14. — С. 2.	article-031704; article-031747
journal-issue-010967	2	— 1996. — № 18.	article-031705; article-031751
journal-issue-010941	2	— 1996. — № 19.	article-031676; article-031678
journal-issue-010954	2	— 1996. — № 2.	article-031690; article-031749
journal-issue-010945	2	— 1996. — № 20.	article-031681; article-031752
journal-issue-010946	2	— 1996. — № 21.	article-031682; article-031706
journal-issue-010956	2	— 1996. — № 4.	article-031692; article-031693
journal-issue-010957	2	— 1996. — № 5.	article-031694; article-031750
journal-issue-010959	2	— 1996. — № 7.	article-031696; article-031697
journal-issue-010975	2	— 1997. — № 10 (32).	article-031715; article-031755
journal-issue-010950	2	— 1997. — № 13 (35).	article-031686; article-031717
journal-issue-010977	2	— 1997. — № 14 (36).	article-031718; article-031719
journal-issue-010980	2	— 1997. — № 17 (39).	article-031722; article-031757
journal-issue-010970	2	— 1997. — № 2 (24).	article-031709; article-031753
journal-issue-010982	2	— 1997. — № 21 (43).	article-031724; article-031725
journal-issue-010999	2	— 1997. — № 35 (57).	article-031727; article-031748
journal-issue-010972	2	— 1997. — № 4 (26). — С. 2.	article-031711; article-034016
journal-issue-010951	2	— 1997. — № 40 (62). — С. 2.	article-031687; article-031730
journal-issue-010947	2	— 1997. — № 5 (27). — С.2 .	article-031683; article-031712
journal-issue-010948	3	— 1997. — № 6 (28).	article-031684; article-031695; article-031743
journal-issue-010949	2	— 1997. — № 9 (31).	article-031685; article-031754
journal-issue-010988	2	— 1999. — № 1 (64).	article-031732; article-031733
journal-issue-010989	2	— 1999. — № 5 (68).	article-031734; article-031745
journal-issue-010991	2	— 1999. — № 7 (70).	article-031736; article-031737
journal-issue-010992	2	— 1999. — № 8 (71).	article-031738; article-031739
journal-issue-011315	11	— 1994. — № 11. — С. 4–5.	article-032139; article-032140; article-032141; article-032142; article-032144; article-032145; article-032146; article-032147; article-032148; article-032149; article-032150
journal-issue-011011	5	— 1997. — № 1.	article-031768; article-031806; article-031807; article-031814; article-031817
journal-issue-011016	5	— 1997 — № 2.	article-031774; article-031786; article-031791; article-031796; article-031805
journal-issue-011024	4	— 1997. — № 3.	article-031787; article-031803; article-031808; article-031810
journal-issue-011009	5	— 1997. — № 4.	article-031766; article-031780; article-031809; article-031811; article-031812
journal-issue-011027	2	— 1997. — № 5; № 6.	article-031795; article-031820
journal-issue-011017	4	— 1998. — № 1.	article-031775; article-031783; article-031793; article-031804
journal-issue-011025	2	— 1998. — № 10.	article-031789; article-031819
journal-issue-011022	4	— 1998. — № 2.	article-031782; article-031784; article-031792; article-031822
journal-issue-011018	2	— 1998. — № 3; № 4; 5; № 6; № 7.	article-031776; article-031818
journal-issue-011010	2	— 1998. — № 6.	article-031767; article-031769
journal-issue-011021	2	— 1998. — № 8.	article-031781; article-031788
journal-issue-011029	3	— 1998. — № 9; № 10.	article-031798; article-031802; article-031821
journal-issue-011013	2	— 1999. — № 4.	article-031771; article-031815
journal-issue-011014	3	— 1999. — № 5.	article-031772; article-031777; article-031790
journal-issue-011015	2	— 1999. — № 6.	article-031773; article-031799
journal-issue-011035	2	— 2003. — № 2. — С. 17–19.	article-031824; article-031825
journal-issue-011054	2	— 1981. — № 10.	article-031845; article-031865
journal-issue-011038	2	— 2005. — № 10. — С. 64–65.	article-031828; article-031833
journal-issue-011048	2	— 2014. — № 9. — С. 37–39.	article-031839; article-031853
journal-issue-011085	2	— 1991. — № 5. — С. 43–44.	article-031879; article-031888
journal-issue-011077	2	— 1995. — № 10.	article-031870; article-031871
journal-issue-010346	2	— 1968. — № 8. — С. 41.	article-029909; article-029912
journal-issue-010345	2	— 1969. — № 6. — С. 43.	article-029908; article-029942
journal-issue-010336	2	— 1970. — № 9. — С. 41–42.	article-029899; article-029916
journal-issue-010361	4	— 1972. — № 8. — С. 44.	article-029926; article-029927; article-029929; article-029930
journal-issue-010354	2	— 1989. — № 1.	article-029919; article-029932
journal-issue-010333	2	— 1989. — № 11. — С. 44–47.	article-029896; article-029938
journal-issue-010355	2	— 1989. — № 2. — С. 55.	article-029920; article-029933
journal-issue-010365	2	— 1989. — № 7. — С. 38–39.	article-029935; article-029936
journal-issue-011464	2	— 2006. — № 2. — С. 39.	article-032344; article-032345
journal-issue-011474	2	— 2018. — № 1 (2). — С. 12–21.	article-032355; article-032357
journal-issue-011471	3	— 2018. — № 2 (3). — С. 11–13.	article-032352; article-032358; article-032359
journal-issue-011476	2	— 2019. — № 1 (4). — С. 15–21.	article-032360; article-032361
journal-issue-011472	4	— 2019. — № 2 (5). — С. 58–67.	article-032353; article-032362; article-032363; article-032367
journal-issue-010289	2	— Хабаровск, 1923. — № 1. — С. 1–9.	article-029759; article-029762
